{"frames": {

"background.png":
{
	"frame": {"x":38,"y":20,"w":16,"h":16},
	"rotated": false,
	"trimmed": false,
	"spriteSourceSize": {"x":0,"y":0,"w":16,"h":16},
	"sourceSize": {"w":16,"h":16}
},
"block_blue.png":
{
	"frame": {"x":20,"y":38,"w":16,"h":16},
	"rotated": false,
	"trimmed": false,
	"spriteSourceSize": {"x":0,"y":0,"w":16,"h":16},
	"sourceSize": {"w":16,"h":16}
},
"block_cyan.png":
{
	"frame": {"x":20,"y":20,"w":16,"h":16},
	"rotated": false,
	"trimmed": false,
	"spriteSourceSize": {"x":0,"y":0,"w":16,"h":16},
	"sourceSize": {"w":16,"h":16}
},
"block_green.png":
{
	"frame": {"x":38,"y":2,"w":16,"h":16},
	"rotated": false,
	"trimmed": false,
	"spriteSourceSize": {"x":0,"y":0,"w":16,"h":16},
	"sourceSize": {"w":16,"h":16}
},
"block_orange.png":
{
	"frame": {"x":20,"y":2,"w":16,"h":16},
	"rotated": false,
	"trimmed": false,
	"spriteSourceSize": {"x":0,"y":0,"w":16,"h":16},
	"sourceSize": {"w":16,"h":16}
},
"block_purple.png":
{
	"frame": {"x":2,"y":38,"w":16,"h":16},
	"rotated": false,
	"trimmed": false,
	"spriteSourceSize": {"x":0,"y":0,"w":16,"h":16},
	"sourceSize": {"w":16,"h":16}
},
"block_red.png":
{
	"frame": {"x":2,"y":20,"w":16,"h":16},
	"rotated": false,
	"trimmed": false,
	"spriteSourceSize": {"x":0,"y":0,"w":16,"h":16},
	"sourceSize": {"w":16,"h":16}
},
"block_yellow.png":
{
	"frame": {"x":2,"y":2,"w":16,"h":16},
	"rotated": false,
	"trimmed": false,
	"spriteSourceSize": {"x":0,"y":0,"w":16,"h":16},
	"sourceSize": {"w":16,"h":16}
}},
"meta": {
	"app": "http://www.codeandweb.com/texturepacker ",
	"version": "1.0",
	"image": "tetrimoAtlas.png",
	"format": "RGBA8888",
	"size": {"w":64,"h":64},
	"scale": "1",
	"smartupdate": "$TexturePacker:SmartUpdate:429c782a55a6fff74fbdacb3e9763920:5ecdb570601ca650fd1a48fd3e1b70a1:831fbaa4d7eed76256850fd705658160$"
}
}
